City,Latitude,Longitude,Max Temperature,Humidity,Cloudiness,Wind Speed,City Country,City Date
saint-denis,48.94,2.36,290.15,55,0,1.5,FR,1567461072
suez,29.97,32.54,297.0,78,0,5.05,EG,1567461072
karasburg,-28.01,18.75,288.9,10,3,4.93,NA,1567461073
adrar,27.87,-0.29,309.15,18,0,5.7,DZ,1567461074
laguna,16.17,-88.94,306.15,59,40,3.1,BZ,1567461075
farah,32.37,62.11,292.3,29,0,2.73,AF,1567461076
gelemso,8.81,40.52,292.6,69,73,3.12,ET,1567461078
inta,66.04,60.13,278.1,91,100,0.81,RU,1567461079
kipushi,-11.76,27.24,292.7,37,2,2.7,CD,1567461079
batticaloa,7.71,81.69,297.7,75,100,0.69,LK,1567460951
mouila,-1.86,11.06,297.4,75,46,2.68,GA,1567461080
arroyo,-11.08,-66.08,307.15,49,20,3.1,BO,1567461081
west bay,49.34,-123.21,299.26,73,20,4.1,CA,1567461082
aksarka,66.56,67.8,279.3,82,100,3.42,RU,1567461083
yalutorovsk,56.65,66.31,282.04,92,88,0.45,RU,1567461083
salas,-6.27,-79.61,292.15,29,0,7.7,PE,1567461083
bandiagara,14.35,-3.61,300.15,83,20,2.1,ML,1567461084
novo aripuana,-5.12,-60.38,305.3,44,74,1.19,BR,1567461084
reshetylivka,49.56,34.08,293.8,43,41,1.22,UA,1567461088
sao francisco,-25.65,-53.85,295.15,53,0,1.5,BR,1567461088
dikson,73.51,80.55,278.8,94,66,3.77,RU,1567461091
hithadhoo,-0.6,73.08,301.3,76,100,4.04,MV,1567461092
minas,-34.38,-55.24,285.15,54,40,4.6,UY,1567461092
mangan,27.5,88.54,289.2,88,100,0.07,IN,1567461092
mao,19.55,-71.08,308.15,44,40,7.7,DO,1567461093
sao gotardo,-19.31,-46.05,297.04,57,78,0.89,BR,1567461093
montepuez,-13.13,39.0,294.2,66,30,2.04,MZ,1567461093
abha,18.22,42.5,295.15,37,0,1.35,SA,1567461094
les pavillons-sous-bois,48.91,2.5,290.15,55,0,1.5,FR,1567461094
antalaha,-14.9,50.28,290.1,98,20,1.74,MG,1567461097
port-cartier,50.03,-66.88,285.37,100,90,2.1,CA,1567461097
tucuman,-17.17,-70.89,292.8,19,0,4.86,PE,1567461097
kuryk,43.18,51.68,292.6,44,100,2.71,KZ,1567461098
turkan,35.6,68.92,280.9,43,0,0.83,AF,1567461098
usinsk,66.0,57.56,279.2,85,83,2.4,RU,1567461098
luanda,-8.83,13.24,295.15,94,69,3.1,AO,1567461099
taltal,-25.41,-70.49,285.1,77,98,2.01,CL,1567461099
mwinilunga,-11.73,24.43,293.5,33,4,2.05,ZM,1567461100
ituango,7.17,-75.76,291.4,95,99,1.16,CO,1567461100
rodrigues alves,-7.74,-72.65,296.15,100,90,2.1,BR,1567461100
tonantins,-2.86,-67.77,306.6,47,69,1.3,BR,1567461101
waddan,29.16,16.14,302.6,31,2,2.69,LY,1567461101
gweta,-20.21,25.26,292.0,32,0,6.79,BW,1567461101
mayor pablo lagerenza,-19.93,-60.77,304.4,31,58,3.03,PY,1567461101
lodingen,68.41,16.0,283.71,87,20,5.1,NO,1567461102
nouakchott,18.08,-15.98,302.15,79,20,3.1,MR,1567461102
senj,45.35,13.91,298.15,64,20,8.2,HR,1567461102
portsmouth,50.8,-1.08,290.37,72,40,4.1,GB,1567461103
quatre cocos,-20.21,57.76,293.71,82,40,2.1,MU,1567461103
alenquer,-1.95,-54.74,305.15,62,0,5.1,BR,1567461103
monkey bay,-14.08,34.91,297.7,57,26,6.24,MW,1567461104
buarcos,40.16,-8.88,295.93,77,0,1.0,PT,1567461104
aguas vermelhas,-15.75,-41.46,296.2,49,33,3.67,BR,1567461105
konotop,51.24,33.21,290.4,71,19,1.7,UA,1567461106
svetlogorsk,53.14,59.15,281.15,81,75,2.0,RU,1567461106
rio gallegos,-51.62,-69.22,281.15,45,0,12.3,AR,1567460884
touros,-5.2,-35.46,298.15,83,40,3.6,BR,1567461107
buri,-23.8,-48.6,290.3,88,97,3.27,BR,1567461107
herre,50.3,1.64,290.15,77,75,4.1,FR,1567461107
capinota,-17.71,-66.26,300.15,13,20,5.1,BO,1567461108
puerto ayora,-0.74,-90.35,298.15,65,90,5.7,EC,1567461108
imeni zhelyabova,58.95,36.6,286.9,89,17,1.79,RU,1567461109
conceicao do araguaia,-8.26,-49.26,309.4,16,0,1.92,BR,1567461109
kilindoni,-7.91,39.67,299.1,77,0,5.85,TZ,1567461110
corbelia,-24.8,-53.31,291.7,55,66,1.19,BR,1567461111
kanashevo,55.21,62.07,282.15,100,75,4.0,RU,1567461112
san pedro,-33.68,-59.66,284.82,49,91,3.58,AR,1567460853
san ramon,12.92,-85.84,300.15,57,40,6.2,NI,1567461112
losal,27.4,74.92,303.2,65,48,2.82,IN,1567461113
pontes e lacerda,-15.23,-59.33,307.9,28,1,0.94,BR,1567461113
strzelce krajenskie,52.88,15.53,286.2,72,10,2.49,PL,1567461113
menongue,-14.66,17.68,290.8,31,0,1.64,AO,1567461113
mezen,65.85,44.24,287.9,84,74,3.43,RU,1567461114
kamina,-8.74,25.0,295.2,32,0,0.38,CD,1567461114
luau,-10.7,22.23,300.1,25,68,1.65,CD,1567461114
presidente epitacio,-21.76,-52.12,299.5,55,0,1.42,BR,1567461115
morgantown,39.63,-79.96,300.15,57,75,4.1,US,1567461083
vikulovo,55.07,40.96,285.5,88,0,1.6,RU,1567461116
vestmanna,62.16,-7.17,280.15,81,42,1.5,FO,1567461117
sinnamary,5.38,-52.96,300.7,81,0,6.24,GF,1567461117
mandiana,10.62,-8.7,294.6,98,83,1.49,GN,1567461117
asyut,27.18,31.19,302.15,42,0,2.6,EG,1567461118
kubrat,43.8,26.5,294.1,45,59,2.42,BG,1567461118
aguie,13.51,7.78,303.3,48,3,1.95,NE,1567461118
maceio,-9.67,-35.74,298.15,83,75,2.6,BR,1567461118
malindi,-3.22,40.12,296.3,88,44,4.26,KE,1567461119
oussouye,12.49,-16.54,300.15,88,40,1.0,SN,1567461119
faenza,44.29,11.88,297.15,94,0,2.6,IT,1567461120
usogorsk,63.43,48.71,280.2,83,54,0.66,RU,1567461120
hamilton,43.26,-79.87,298.15,68,75,3.1,CA,1567461034
bambui,6.01,10.23,289.9,95,100,0.17,CM,1567461120
trairi,-3.28,-39.27,298.5,73,100,3.96,BR,1567461121
maniitsoq,65.42,-52.9,279.2,82,100,8.88,GL,1567461121
nizhniy odes,63.64,54.86,278.0,95,42,0.95,RU,1567461122
narsaq,60.91,-46.05,284.15,71,66,4.1,GL,1567461086
spas-demensk,54.41,34.03,289.7,83,25,2.03,RU,1567461123
acari,-6.44,-36.64,301.3,55,100,10.22,BR,1567461123
legionowo,52.41,20.93,289.26,100,75,4.1,PL,1567461123
sao felix do xingu,-6.64,-51.99,308.1,28,14,3.09,BR,1567461124
sandy bay,-42.9,147.33,285.37,76,20,3.1,AU,1567461124
mocuba,-16.84,36.99,292.7,97,17,1.2,MZ,1567461124
san rafael,-34.61,-68.33,280.0,28,99,5.26,AR,1567461125
mangai,-4.07,19.59,298.0,76,77,0.54,CD,1567461125
porosozero,62.72,32.71,286.8,86,54,2.8,RU,1567461126
banda aceh,5.56,95.32,300.8,83,100,5.29,ID,1567461127
kruisfontein,-34.0,24.73,282.9,89,0,1.73,ZA,1567461128
la asuncion,-26.05,-65.39,287.5,32,79,4.45,AR,1567461129
harper,30.3,-99.24,309.82,23,1,2.1,US,1567461129
hanumangarh,29.58,74.33,306.1,47,0,2.04,IN,1567461130
honningsvag,70.98,25.97,283.15,100,90,7.7,NO,1567461130
raudeberg,61.99,5.14,285.15,66,75,7.7,NO,1567461131
port alfred,-33.59,26.89,287.59,91,16,1.34,ZA,1567461131
port hawkesbury,45.62,-61.36,292.59,82,75,3.6,CA,1567461131
rusera,25.75,86.02,302.9,74,100,1.83,IN,1567461132
bocana de paiwas,12.79,-85.12,303.3,51,0,2.29,NI,1567461132
kasempa,-13.46,25.83,294.7,33,0,2.93,ZM,1567461132
nanortalik,60.14,-45.24,279.4,91,90,2.9,GL,1567461133
jacqueville,5.21,-4.42,298.15,94,40,2.1,CI,1567461134
ginda,30.69,78.49,288.7,91,1,1.28,IN,1567461134
mogadishu,2.04,45.34,299.15,74,75,7.2,SO,1567461135
abaete,-19.16,-45.45,301.8,27,0,2.76,BR,1567461135
hof,50.32,11.92,284.82,76,1,0.93,DE,1567461135
mitsamiouli,-11.38,43.28,295.15,83,20,2.1,KM,1567461135
ayia marina,37.75,23.53,300.37,27,20,2.6,GR,1567461136
le port,42.87,1.37,288.71,66,0,0.89,FR,1567461136
port elizabeth,39.31,-74.98,304.26,65,40,4.1,US,1567461140
ponta delgada,37.73,-25.67,294.82,83,20,2.6,PT,1567461140
salalah,17.01,54.1,299.15,94,90,2.1,OM,1567461140
cervo,-22.19,-46.24,293.9,71,17,0.55,BR,1567461141
beyneu,45.32,55.19,291.7,61,98,2.83,KZ,1567461141
bitkine,11.98,18.21,297.9,80,48,0.81,TD,1567461141
carnarvon,-30.97,22.13,285.3,19,0,1.81,ZA,1567461142
ushuaia,-54.81,-68.31,275.15,96,75,17.5,AR,1567461033
bayji,34.93,43.49,303.3,20,0,4.08,IQ,1567461143
manzil salim,35.86,8.48,292.15,82,20,2.1,TN,1567461143
catio,11.28,-15.25,300.5,85,25,6.1,GW,1567461144
samana,0.12,-76.97,307.15,46,40,1.0,EC,1567461145
oulainen,64.27,24.8,287.04,94,100,1.34,FI,1567461145
trinidad,-14.83,-64.9,305.15,46,0,3.1,BO,1567460993
baft,29.23,56.61,287.9,32,0,3.35,IR,1567461146
san juan,-31.54,-68.53,274.7,47,1,3.43,AR,1567461146
san lorenzo,13.43,-87.45,308.15,53,0,2.1,HN,1567461146
harer,42.19,-111.17,306.48,13,1,5.1,US,1567461146
pokhara,28.21,83.99,287.3,91,98,0.85,NP,1567461147
prestea,5.43,-2.14,295.9,97,100,1.72,GH,1567461147
turbat,26.0,63.05,302.7,66,99,1.51,PK,1567461147
beloslav,43.19,27.7,290.15,82,0,1.5,BG,1567461148
kavaratti,10.57,72.64,300.8,81,99,7.38,IN,1567461148
nouadhibou,20.93,-17.03,297.15,88,62,5.1,MR,1567461148
port blair,11.67,92.75,300.9,82,100,9.59,IN,1567461149
tubuala,9.52,-79.03,297.15,88,75,3.6,PA,1567461149
tulum,20.21,-87.46,304.26,79,90,2.6,MX,1567461150
paragominas,-3.0,-47.35,302.5,60,21,2.2,BR,1567461150
fairhope,30.52,-87.9,307.04,74,75,2.6,US,1567461150
borba,-4.39,-59.59,307.9,41,100,0.77,BR,1567461151
itarema,-2.92,-39.92,299.0,74,95,6.27,BR,1567461151
joutseno,61.11,28.48,289.82,86,9,0.45,FI,1567461151
romitan,39.93,64.38,289.15,38,0,5.1,UZ,1567461152
mana,13.03,5.27,300.7,67,80,3.09,NG,1567461155
manchester,43.0,-71.45,293.71,93,90,3.6,US,1567460948
cape town,-33.93,18.42,287.04,87,0,2.1,ZA,1567461066
torbay,47.66,-52.73,289.26,77,40,7.2,CA,1567461157
ambilobe,-13.19,49.05,294.3,71,0,1.85,MG,1567461157
kedrovyy,56.17,91.82,283.15,100,40,2.0,RU,1567461157
makaleng,-20.8,27.27,289.4,50,0,6.84,BW,1567461158
bayan,36.1,102.26,283.2,87,5,0.64,CN,1567461158
alta floresta,-9.87,-56.08,309.6,19,30,0.79,BR,1567461159
basoko,1.23,23.61,296.5,83,100,0.41,CD,1567461159
bouar,5.94,15.59,292.5,95,100,0.73,CF,1567461159
vuktyl,63.86,57.31,278.4,94,82,2.38,RU,1567461159
impfondo,1.62,18.06,295.7,92,67,1.68,CD,1567461160
minturno,41.26,13.75,298.15,94,40,1.5,IT,1567461160
pitimbu,-7.47,-34.81,298.15,83,20,3.1,BR,1567461161
belmonte,40.36,-7.35,298.71,44,0,3.58,PT,1567461161
issoire,45.54,3.25,289.15,38,0,1.0,FR,1567461162
carutapera,-1.2,-46.02,299.5,79,1,3.44,BR,1567461162
adilcevaz,38.8,42.73,289.26,55,0,1.0,TR,1567461163
ayorou,14.73,0.92,307.9,34,44,4.03,NE,1567461164
kiruna,67.86,20.23,281.15,93,90,2.1,SE,1567461164
calatayud,41.35,-1.64,294.15,88,20,1.0,ES,1567461164
huarmey,-10.07,-78.15,289.0,90,1,6.01,PE,1567461165
saint-joseph,43.56,6.97,298.15,83,0,1.0,FR,1567461165
gurupi,-11.73,-49.07,307.2,14,88,1.08,BR,1567460907
cumbitara,1.65,-77.58,299.15,31,40,8.2,CO,1567461166
bubaque,11.28,-15.83,300.4,83,0,8.17,GW,1567461167
the valley,18.22,-63.06,303.71,66,40,5.7,AI,1567460905
thinadhoo,0.53,72.93,301.2,77,100,3.77,MV,1567461168
borskoye,53.03,51.7,281.8,82,1,1.08,RU,1567461168
marsa matruh,31.35,27.25,299.15,69,0,2.6,EG,1567461155
novovasylivka,48.2,37.04,292.9,41,33,2.69,UA,1567461169
lodja,-3.52,23.6,295.2,88,27,1.18,CD,1567461169
cidreira,-30.17,-50.22,286.3,69,0,2.92,BR,1567461170
mugla,41.62,24.49,295.15,33,6,3.1,BG,1567460984
ventimiglia,43.79,7.6,298.15,78,0,1.5,IT,1567461170
penzance,50.12,-5.53,289.26,87,75,3.6,GB,1567461171
klyuchi,52.25,79.17,283.0,82,0,3.98,RU,1567461171
nuuk,64.17,-51.74,281.15,81,20,6.7,GL,1567461172
dulce nombre de culmi,15.08,-85.56,303.3,38,7,2.0,HN,1567461172
rocha,-34.48,-54.34,281.9,64,100,3.57,UY,1567461172
mandera,3.94,41.86,302.1,47,57,9.48,ET,1567461172
palera,44.98,7.72,297.04,73,20,2.1,IT,1567461173
hearst,49.69,-83.67,286.9,41,0,3.73,CA,1567461173
yerraguntla,14.64,78.54,299.1,69,100,6.45,IN,1567461173
artsvaberd,40.84,45.47,285.1,83,1,2.08,AM,1567461174
arani,13.33,80.08,301.15,94,75,2.6,IN,1567461174
farkhor,37.49,69.4,294.15,37,0,5.0,TJ,1567461174
la palma,5.36,-74.39,301.7,63,19,2.23,CO,1567461175
kayerkan,69.35,87.76,280.15,100,40,4.0,RU,1567461175
dingle,11.0,122.67,296.4,88,100,1.96,PH,1567461175
angermunde,53.02,14.0,287.04,56,0,1.84,DE,1567461176
general roca,-39.03,-67.58,283.15,19,0,3.1,AR,1567461176
nador,35.17,-2.93,298.15,88,40,1.0,MA,1567460906
tefe,-3.35,-64.71,306.15,63,20,2.1,BR,1567461177
arraial do cabo,-22.97,-42.02,296.15,83,40,5.1,BR,1567461177
barra do corda,-5.5,-45.25,306.0,27,37,0.61,BR,1567461177
hambantota,6.12,81.12,299.15,100,40,2.6,LK,1567461178
ati,13.21,18.34,301.9,66,46,4.3,TD,1567461178
toktogul,41.87,72.95,283.3,67,26,1.11,KG,1567461178
puerto quijarro,-19.0,-57.72,302.15,54,0,3.6,BO,1567461179
wad rawah,15.16,33.13,306.5,31,0,4.07,SD,1567461179
sakassou,7.45,-5.29,298.15,94,40,1.0,CI,1567461179
pedregal,-32.96,-68.68,284.15,25,0,4.6,AR,1567461180
zatoka,50.04,20.52,286.48,93,75,4.1,PL,1567461180
aswan,24.09,32.9,305.15,21,0,2.1,EG,1567461181
ardakan,32.31,54.02,303.15,17,0,5.1,IR,1567461181
ayacucho,-13.16,-74.23,297.15,38,20,1.5,PE,1567461181
ancud,-41.87,-73.83,283.15,53,0,3.1,CL,1567461182
rehoboth,-23.31,17.08,282.9,15,0,1.85,NA,1567461182
khvorostyanka,52.62,48.95,282.8,81,33,1.79,RU,1567461182
aketi,2.74,23.78,295.6,85,91,0.82,CD,1567461183
evansville,37.97,-87.56,303.71,70,1,3.1,US,1567461116
hendek,40.8,30.75,293.15,100,40,1.0,TR,1567461183
perelyub,51.87,50.37,283.3,71,0,1.56,RU,1567461184
tabou,4.42,-7.36,296.2,94,95,1.9,CI,1567461185
beira,43.2,-8.36,294.82,72,0,1.5,ES,1567461185
boma,7.08,-2.17,295.3,99,100,1.5,GH,1567461185
florence,34.2,-79.77,305.15,52,1,3.1,US,1567461137
apatou,5.16,-54.34,302.8,62,92,2.63,SR,1567461186
demidov,55.27,31.52,289.1,95,0,1.32,RU,1567461186
kyrylivka,47.65,37.3,292.9,40,0,2.73,UA,1567461187
kisangani,0.52,25.21,296.1,92,100,0.42,CD,1567461187
bukama,-9.2,25.85,297.4,28,15,1.03,CD,1567461187
omboue,-1.57,9.26,296.9,84,87,5.31,GA,1567461187
amargosa,-13.03,-39.6,294.6,82,95,3.84,BR,1567461188
pimentel,-3.7,-45.5,302.4,59,77,1.27,BR,1567461191
villefranche-de-rouergue,44.35,2.04,289.82,47,0,2.1,FR,1567461192
kilembe,0.2,30.01,293.4,84,88,1.39,UG,1567461192
paidha,2.42,30.99,289.1,93,91,1.33,UG,1567461192
bhusawal,21.05,75.78,297.4,96,100,2.46,IN,1567461193
garelochhead,56.08,-4.83,288.15,93,75,6.2,GB,1567461193
volot,57.93,30.71,289.2,90,7,2.12,RU,1567461193
shaki,39.56,46.0,290.15,82,75,3.1,AM,1567461193
victoria,5.28,115.24,299.15,78,75,4.75,BN,1567461194
nampula,-15.12,39.26,292.1,88,100,1.64,MZ,1567461194
kuliyapitiya,7.47,80.04,301.15,83,20,4.6,LK,1567461195
lukoyanov,55.03,44.48,282.5,80,0,1.64,RU,1567461195
qaanaaq,77.48,-69.36,275.5,52,29,1.04,GL,1567461195
khotyn,48.51,26.49,296.15,60,0,4.0,UA,1567461195
timra,62.49,17.33,284.26,100,100,0.5,SE,1567461196
soyo,-6.13,12.37,295.5,85,81,5.4,AO,1567460908
voyvozh,62.89,54.96,278.2,95,86,1.45,RU,1567461199
mehran,33.12,46.17,296.15,28,0,2.1,IR,1567461200
keti bandar,24.14,67.45,301.4,87,100,6.87,PK,1567461200
ayagoz,47.96,80.43,283.7,45,0,2.27,KZ,1567461200
sur,22.57,59.53,300.1,64,72,4.13,OM,1567461201
puerto narino,-3.77,-70.38,302.15,79,75,1.0,CO,1567461202
xuddur,4.12,43.89,296.8,66,100,9.4,SO,1567461202
narnaund,29.22,76.14,302.6,64,46,2.45,IN,1567461203
bayir,37.27,28.22,296.15,83,0,2.1,TR,1567461203
kuytun,54.34,101.51,285.8,98,100,1.36,RU,1567461203
bhadrachalam,17.67,80.89,296.7,94,100,1.78,IN,1567461204
codrington,-28.95,153.24,288.15,93,0,3.6,AU,1567461204
chernivtsi,48.29,25.94,296.15,60,0,4.0,UA,1567461078
baijiantan,45.63,85.18,292.8,34,21,1.94,CN,1567461204
husavik,50.56,-96.99,289.82,43,85,1.34,CA,1567461205
lancaster,40.04,-76.31,301.15,83,1,2.1,US,1567461106
morant bay,17.88,-76.41,304.15,58,40,6.7,JM,1567461023
batsfjord,70.63,29.72,287.15,100,90,1.0,NO,1567461205
kabalo,-6.05,26.92,297.3,70,100,2.28,CD,1567461205
altamira,-3.2,-52.21,304.15,70,20,1.5,BR,1567461206
biltine,14.53,20.93,301.2,52,100,5.7,TD,1567461206
tasiilaq,65.61,-37.64,279.15,60,56,2.6,GL,1567461206
teterow,53.77,12.58,285.37,81,20,1.5,DE,1567461207
malanje,-9.54,16.35,296.4,61,43,3.28,AO,1567461207
killybegs,54.63,-8.45,287.8,93,100,11.3,IE,1567461207
biograd na moru,43.94,15.45,298.71,61,40,2.1,HR,1567461207
hobyo,5.35,48.53,297.9,76,13,11.79,SO,1567461208
gat,14.69,-16.54,302.15,88,20,2.1,SN,1567461208
tabuk,17.41,121.44,290.9,99,100,2.01,PH,1567461209
santa flavia,-51.55,-72.35,275.2,82,0,2.78,CL,1567461209
isilkul,54.9,71.26,281.0,94,100,2.9,RU,1567461209
obo,5.39,26.49,294.4,93,51,0.34,CF,1567461210
cockburn town,21.46,-71.14,301.8,75,67,4.23,TC,1567461210
tessalit,20.2,1.01,309.9,19,3,4.22,ML,1567461210
garowe,8.41,48.48,299.1,58,28,8.76,SO,1567461211
spassk,53.93,43.19,284.4,80,0,2.82,RU,1567461211
juiz de fora,-21.76,-43.35,296.15,53,0,2.1,BR,1567461211
ostersund,63.18,14.64,282.15,70,0,1.5,SE,1567461215
saint-ambroise,48.56,-71.32,293.15,87,75,5.1,CA,1567461217
filadelfia,-22.35,-60.04,300.1,25,0,2.58,PY,1567461219
kolaras,25.22,77.61,298.8,89,96,2.93,IN,1567461221
micheweni,-4.97,39.83,298.7,82,0,7.0,TZ,1567461223
maragogi,-9.01,-35.22,295.1,93,83,2.29,BR,1567461229
nantucket,41.28,-70.1,296.15,83,1,3.1,US,1567461231
wlodawa,51.55,23.55,292.15,82,75,4.1,PL,1567461236
lazurne,46.77,34.99,294.6,45,4,2.79,UA,1567461236
badia polesine,45.09,11.49,297.04,83,20,1.0,IT,1567461237
kuruman,-27.46,23.43,281.4,48,0,0.91,ZA,1567461237
konevo,41.67,25.61,294.26,53,6,0.45,BG,1567461239
madimba,4.42,9.93,298.15,100,75,0.5,CM,1567461240
destelbergen,51.06,3.8,290.93,67,100,1.5,BE,1567461242
rio grande,-32.03,-52.1,287.15,71,0,2.6,BR,1567460964
kaduna,10.52,7.44,294.6,96,100,0.6,NG,1567461245
clyde river,70.47,-68.59,278.15,75,90,2.1,CA,1567461245
jalu,29.03,21.55,304.3,23,0,4.82,LY,1567460952
pemba,-12.97,40.52,297.15,94,20,4.1,MZ,1567461246
carauari,-4.88,-66.9,300.2,72,78,3.5,BR,1567461248
tourlaville,49.64,-1.57,289.26,93,0,4.1,FR,1567461249
albany,42.65,-73.75,295.93,83,75,2.1,US,1567461019
talnakh,69.49,88.39,280.15,100,40,4.0,RU,1567461249
saint george,39.45,22.34,296.15,60,20,1.5,GR,1567461250
jamestown,-33.21,138.6,281.1,97,1,1.88,AU,1567461251
rosehearty,57.7,-2.11,288.15,82,75,3.1,GB,1567461252
ust-koksa,50.27,85.62,277.3,56,0,4.03,RU,1567461253
camopi,3.17,-52.33,303.6,53,47,0.83,GF,1567461253
mahebourg,-20.41,57.7,293.71,82,40,2.1,MU,1567461254
den helder,52.96,4.76,291.15,68,90,5.7,NL,1567461255
sipkovica,42.03,20.92,294.15,55,0,1.0,MK,1567461255
marand,38.43,45.77,291.15,63,40,5.1,IR,1567461255
anori,-3.74,-61.66,307.2,44,100,1.3,BR,1567461256
charlestown,41.38,-71.64,296.48,83,40,4.6,US,1567461208
riachao das neves,-11.75,-44.91,302.6,19,79,1.85,BR,1567461257
atar,20.52,-13.05,308.6,31,29,2.87,MR,1567461257
san borja,-14.86,-66.75,306.2,30,0,1.95,BO,1567461257
zinder,13.81,8.99,302.15,70,0,1.0,NE,1567461258
lalganj,26.17,80.97,302.15,89,40,1.26,IN,1567461258
ihosy,-22.4,46.13,288.3,94,7,4.49,MG,1567461262
lagunas,-5.23,-75.68,306.5,43,57,1.59,PE,1567461266
onguday,50.75,86.14,277.1,62,2,2.11,RU,1567461266
barranca,-10.75,-77.76,289.1,88,0,4.95,PE,1567461060
chapais,49.78,-74.86,285.15,58,75,5.1,CA,1567461267
eyl,7.98,49.82,296.6,75,18,9.79,SO,1567461267
abrau-dyurso,44.7,37.6,292.15,63,0,3.0,RU,1567461272
beinamar,8.67,15.38,293.7,97,85,0.94,TD,1567461274
wawa,9.9,4.41,297.0,91,100,0.88,NG,1567461277
kigoma,-4.88,29.64,297.15,88,75,4.01,TZ,1567461279
okahandja,-21.98,16.91,291.15,8,0,3.1,NA,1567461279
san carlos de bariloche,-41.13,-71.31,280.15,16,0,4.1,AR,1567461280
makhinjauri,41.67,41.69,294.15,83,40,5.1,GE,1567461280
caluquembe,-13.78,14.68,289.1,78,23,1.86,AO,1567461280
mattru,7.62,-11.83,296.8,96,100,1.5,SL,1567461285
jucurutu,-6.03,-37.02,301.7,50,77,4.28,BR,1567461286
castro,-42.48,-73.76,283.15,53,0,3.1,CL,1567461287
penha,-26.78,-48.65,290.37,63,90,2.1,BR,1567461288
san cristobal,14.68,-86.92,305.2,29,28,4.27,HN,1567461292
naantali,60.45,22.03,289.82,93,0,2.1,FI,1567461293
zhezkazgan,47.8,67.71,282.3,46,19,0.48,KZ,1567461294
moose factory,51.26,-80.61,287.15,44,75,6.2,CA,1567461296
wisconsin rapids,44.39,-89.82,300.15,53,40,1.79,US,1567461298
idah,7.11,6.73,296.3,97,100,2.07,NG,1567461299
berlevag,70.86,29.09,283.15,100,75,2.6,NO,1567461299
goderich,43.74,-81.71,293.71,88,44,4.5,CA,1567461143
bogovarovo,58.98,47.02,280.0,94,6,1.61,RU,1567461300
kortkeros,61.81,51.56,278.15,100,0,1.61,RU,1567461300
mogapi,-22.32,27.84,287.3,54,0,1.59,BW,1567461301
barcelos,-0.97,-62.93,306.8,49,60,1.13,BR,1567461225
pestyaki,56.71,42.67,282.7,80,0,1.56,RU,1567461303
faya,18.39,42.45,295.15,37,0,2.33,SA,1567461303
goba,7.01,39.97,282.1,85,65,1.73,ET,1567461305
itupiranga,-5.13,-49.33,307.15,46,20,2.1,BR,1567461112
vernashen,39.79,45.36,290.15,82,75,3.1,AM,1567461309
vestmannaeyjar,63.44,-20.27,283.3,67,0,5.52,IS,1567461320
maldonado,-34.91,-54.96,285.15,54,40,4.6,UY,1567461321
slonim,53.09,25.32,288.2,90,48,5.67,BY,1567461322
port shepstone,-30.74,30.45,285.1,87,2,0.4,ZA,1567461323
palermo,2.89,-75.43,307.15,32,75,4.1,CO,1567461325
bereda,43.27,-7.54,292.04,72,0,1.5,ES,1567461325
sao joao da barra,-21.64,-41.05,298.15,73,0,5.7,BR,1567461326
tazovskiy,67.47,78.7,279.3,86,2,3.23,RU,1567461326
pudozh,61.81,36.54,287.0,89,6,2.09,RU,1567461328
gornopravdinsk,60.06,69.92,279.8,96,88,1.36,RU,1567461329
zabid,14.2,44.5,296.1,45,96,4.36,YE,1567461331
redcar,54.62,-1.06,288.71,93,75,8.7,GB,1567461334
necochea,-38.55,-58.74,277.04,87,0,4.92,AR,1567461334
thompson,55.74,-97.86,288.15,47,75,2.1,CA,1567461334
dharchula,29.85,80.53,286.7,92,98,0.53,IN,1567461335
mizdah,31.45,12.98,294.4,75,0,2.72,LY,1567461335
koupela,12.18,-0.35,298.8,84,12,1.12,BF,1567461335
leh,34.16,77.58,282.0,46,0,2.15,IN,1567461336
amapa,15.09,-87.97,307.15,56,20,7.2,HN,1567461339
strezhevoy,60.73,77.6,282.15,100,0,1.33,RU,1567461341
revadanda,18.55,72.93,299.15,94,90,2.6,IN,1567461341
borshchiv,48.8,26.04,296.15,60,0,4.0,UA,1567461342
karasjok,69.47,25.52,283.15,100,75,9.3,NO,1567461342
lebu,8.96,38.73,287.15,93,88,2.1,ET,1567461342
bandarbeyla,9.49,50.81,296.8,80,0,10.87,SO,1567461343
placido de castro,-10.34,-67.19,303.2,50,99,2.34,BR,1567461343
puri,-7.54,112.45,292.5,95,77,3.33,ID,1567461209
bredasdorp,-34.53,20.04,281.48,93,0,2.6,ZA,1567461348
dosso,13.05,3.19,301.5,62,60,3.88,NE,1567461102
thomasville,35.88,-80.08,305.37,35,1,2.1,US,1567461363
lena,42.38,-89.82,301.48,61,40,4.1,US,1567461364
lanivtsi,49.87,26.08,291.6,91,100,3.49,UA,1567461365
bonthe,7.53,-12.5,297.9,90,99,3.52,SL,1567461369
inhambane,-23.87,35.38,289.8,95,0,2.2,MZ,1567461370
pisco,-13.71,-76.2,295.15,30,40,5.1,PE,1567461110
archidona,-0.91,-77.81,306.15,52,40,1.34,EC,1567461372
comodoro rivadavia,-45.87,-67.48,281.15,45,75,5.1,AR,1567461373
stephenville,48.55,-58.59,290.15,63,75,6.2,CA,1567461373
havelock,34.88,-76.9,302.15,70,20,4.6,US,1567461162
santa ines,-0.82,-78.63,294.15,39,40,9.3,EC,1567461377
meulaboh,4.14,96.13,300.2,82,100,1.29,ID,1567461378
benguela,-12.58,13.4,294.3,89,22,5.35,AO,1567461382
tabas,33.6,56.92,304.15,16,0,2.1,IR,1567461383
nara,34.68,135.8,299.82,94,75,1.5,JP,1567461384
buchanan,5.88,-10.05,298.15,94,75,2.1,LR,1567461384
brive-la-gaillarde,45.16,1.53,287.04,72,45,1.6,FR,1567461385
balkanabat,39.51,54.36,299.6,19,3,7.83,TM,1567461385
branisca,45.92,22.78,291.4,49,0,1.54,RO,1567461386
bakchar,57.02,82.07,278.4,88,30,1.63,RU,1567461387
butembo,0.12,29.29,289.7,93,98,1.41,CD,1567461388
novomykolayivka,48.54,32.26,293.9,45,3,2.55,UA,1567461389
bonavista,48.65,-53.11,288.71,78,50,0.89,CA,1567461390
sundsvall,62.39,17.31,284.26,100,100,0.5,SE,1567461391
arklow,52.79,-6.14,287.04,87,40,7.2,IE,1567461392
camacupa,-12.02,17.48,290.4,44,0,1.2,AO,1567461392
naryan-mar,67.67,53.09,281.2,80,65,3.67,RU,1567461393
cap malheureux,-19.98,57.61,293.71,82,40,2.1,MU,1567461393
salinas,36.67,-121.66,310.37,35,1,9.8,US,1567461393
rennes,48.11,-1.68,287.04,82,0,1.5,FR,1567461394
jeremie,18.65,-74.12,302.1,75,91,2.59,HT,1567461394
jimma,7.67,36.84,287.4,95,88,0.58,ET,1567461395
qaqortoq,60.72,-46.03,284.15,71,66,4.1,GL,1567461396
makokou,0.56,12.85,294.1,97,100,0.35,GA,1567461396
busselton,-33.64,115.35,283.71,64,97,9.97,AU,1567461397
jadu,31.95,12.03,295.6,69,0,1.43,LY,1567461397
upernavik,72.79,-56.15,278.6,54,0,2.51,GL,1567461397
nikki,9.94,3.21,296.0,90,98,3.09,BJ,1567461398
moffat,55.33,-3.44,289.26,93,75,7.2,GB,1567461398
uniontown,39.9,-79.72,299.26,69,75,3.1,US,1567461398
dom pedrito,-30.98,-54.67,286.4,70,0,2.45,BR,1567461292
rurrenabaque,-14.44,-67.53,304.15,55,73,1.28,BO,1567461400
ufimskiy,56.71,58.05,281.1,98,100,2.88,RU,1567461401
bani,16.02,42.93,304.0,77,97,1.63,YE,1567461401
podor,16.65,-14.96,298.15,94,75,1.0,MR,1567461401
candelaria,13.93,121.42,298.15,84,67,1.13,PH,1567461402
felipe carrillo puerto,19.58,-88.05,308.3,38,89,0.84,MX,1567461404
marzuq,14.4,46.47,300.4,37,90,3.87,YE,1567461406
hofn,64.25,-15.21,272.5,84,7,3.51,IS,1567461406
paamiut,61.99,-49.67,279.6,81,5,3.01,GL,1567461169
muli,28.08,109.56,291.1,93,18,1.49,CN,1567461407
boa vista,2.82,-60.67,306.15,49,20,3.6,BR,1567461177
aksu,52.04,76.93,280.15,87,75,3.0,KZ,1567461407
henties bay,-22.12,14.28,284.82,92,0,0.45,NA,1567461407
aracaju,-10.92,-37.08,299.15,78,40,6.2,BR,1567461408
tahoua,14.89,5.26,303.15,66,0,2.1,NE,1567461408
mineiros,-17.57,-52.55,303.0,29,65,1.81,BR,1567461409
khromtau,50.26,58.44,280.1,84,9,1.34,KZ,1567461409
orangeburg,33.49,-80.86,307.15,55,40,3.1,US,1567461409
vasteras,59.62,16.55,285.15,81,0,3.6,SE,1567461303
merrill,42.03,-121.6,304.26,24,1,2.6,US,1567461410
rincon,8.46,-82.28,303.15,74,40,3.6,PA,1567461412
amarante do maranhao,-5.57,-46.74,305.7,30,3,1.95,BR,1567461413
shahrud,36.42,54.97,286.0,62,0,1.38,IR,1567461413
mosalsk,54.49,34.98,289.1,85,23,1.93,RU,1567461413
channel-port aux basques,47.57,-59.14,289.2,79,8,12.01,CA,1567461414
kinshasa,-4.32,15.31,299.15,65,13,3.6,CD,1567461414
ornskoldsvik,63.29,18.72,284.15,81,76,3.1,SE,1567461414
maidstone,53.09,-109.3,286.15,93,90,7.2,CA,1567461415
porto murtinho,-21.7,-57.88,299.5,36,28,4.62,BR,1567461415
tweed,44.48,-77.31,295.37,73,40,6.2,CA,1567461416
talcahuano,-36.72,-73.12,290.15,25,0,6.2,CL,1567461416
klaksvik,62.23,-6.59,279.15,87,46,6.28,FO,1567461417
clinton,41.28,-72.53,297.15,94,90,5.7,US,1567461417
oranjemund,-28.55,16.43,289.3,66,0,8.37,ZA,1567461418
abu samrah,35.3,37.18,295.1,42,0,3.04,SY,1567461418
shache,38.42,77.24,297.04,93,94,6.65,CN,1567461418
los llanos de aridane,28.66,-17.92,295.15,68,0,3.6,ES,1567461419
tornio,61.12,27.27,288.15,93,90,6.7,FI,1567461419
arlit,18.74,7.39,305.0,42,93,6.98,NE,1567461420
glamoc,44.05,16.85,294.26,1,93,1.34,BA,1567461420
sioux lookout,50.1,-91.92,286.15,47,40,2.1,CA,1567461212
faro,37.02,-7.94,298.71,88,0,1.0,PT,1567461246
sohag,26.55,31.7,301.15,24,0,2.1,EG,1567461421
el dorado,10.65,-61.37,304.15,58,20,6.2,TT,1567461284
vardo,39.62,-77.74,301.48,57,1,3.1,US,1567461217
kedgwick,47.65,-67.35,285.0,98,100,5.6,CA,1567461424
eirunepe,-6.66,-69.87,302.9,59,86,1.73,BR,1567461425
longyearbyen,78.22,15.63,275.15,92,75,9.8,NO,1567461425
ettaiyapuram,9.15,78.0,299.1,72,100,6.62,IN,1567461425
saldanha,41.42,-6.55,295.4,34,0,3.56,PT,1567461426
bathsheba,13.22,-59.52,303.15,70,40,7.7,BB,1567461426
jawa,5.32,95.93,296.7,94,100,1.52,ID,1567461426
dohrighat,26.27,83.51,302.0,64,100,1.21,IN,1567461427
nsanje,-16.92,35.26,294.6,76,0,4.35,MZ,1567461427
yar-sale,66.83,70.83,281.9,74,99,5.0,RU,1567461427
shar,7.3,8.73,296.4,86,100,2.65,NG,1567461431
skibbereen,51.55,-9.27,285.15,93,20,3.6,IE,1567461432
lichinga,-13.3,35.25,291.15,68,33,3.1,MZ,1567461433
pospelikha,51.99,81.83,283.7,69,72,4.25,RU,1567461435
corredor,-11.83,-41.77,294.7,56,100,3.24,BR,1567461436
chandbali,20.77,86.74,300.8,84,92,1.54,IN,1567461436
izhma,65.01,53.91,279.3,93,22,0.74,RU,1567461437
buraydah,26.33,43.97,306.15,22,0,2.1,SA,1567461437
isiro,2.77,27.62,293.5,97,100,0.88,CD,1567461437
araouane,18.9,-3.53,312.7,13,71,4.07,ML,1567461437
beloha,-25.17,45.06,290.2,82,0,2.95,MG,1567461438
bandar-e lengeh,26.56,54.88,305.15,33,67,2.1,IR,1567461438
saint-louis,16.03,-16.5,301.15,83,40,4.1,SN,1567461438
troitsko-pechorsk,62.71,56.19,278.3,96,42,2.06,RU,1567461439
sisimiut,66.94,-53.67,279.5,83,60,16.83,GL,1567461439
camacha,33.08,-16.33,295.15,73,40,5.7,PT,1567461440
mahajanga,-15.72,46.32,296.15,83,20,1.5,MG,1567461440
coromandel,-18.47,-47.2,301.7,26,11,1.22,BR,1567461441
lasa,34.92,32.53,299.15,78,20,2.6,CY,1567461441
pangoa,-12.12,-73.0,305.5,38,66,1.79,PE,1567461441
jumla,29.28,82.18,284.7,94,27,0.93,NP,1567461445
krasnokholm,51.6,54.16,282.7,76,0,1.75,RU,1567461445
agde,43.31,3.47,296.15,45,0,3.6,FR,1567461445
ust-ishim,57.69,71.17,278.8,93,59,0.95,RU,1567461446
bambous virieux,-20.34,57.76,293.71,82,40,2.1,MU,1567461446
ochakiv,46.61,31.55,294.15,60,0,1.0,UA,1567461446
vila velha,-3.71,-38.6,300.15,69,20,6.7,BR,1567461447
souillac,45.6,-0.6,290.37,55,0,1.5,FR,1567461438
anuradhapura,8.34,80.41,299.7,77,93,5.36,LK,1567461448
ternovka,51.69,41.59,287.2,90,2,1.87,RU,1567461448
rio branco,-9.98,-67.82,306.15,49,40,2.6,BR,1567461449
uyemskiy,64.47,40.85,288.15,87,0,2.0,RU,1567461449
koraput,18.81,82.72,295.5,97,100,2.57,IN,1567461450
sept-iles,50.2,-66.38,285.37,100,90,2.6,CA,1567461450
santa rosa,-36.62,-64.29,282.0,23,0,6.85,AR,1567461451
medea,36.27,2.77,298.15,78,20,2.6,DZ,1567461451
richards bay,-28.77,32.06,294.9,71,65,3.53,ZA,1567461451
iracoubo,5.48,-53.21,300.4,79,20,3.26,GF,1567461452
cururupu,-1.82,-44.87,298.8,81,32,1.31,BR,1567461452
saint-philippe,45.36,-73.48,295.93,93,90,3.37,CA,1567461452
tafresh,34.69,50.01,291.4,29,0,2.49,IR,1567461453
tizimin,21.14,-88.15,309.9,34,81,2.93,MX,1567461453
chantada,42.61,-7.77,294.82,82,0,2.1,ES,1567461453
saint-georges,46.12,-70.67,289.26,95,100,0.45,CA,1567461253
batman,37.88,41.13,295.37,53,0,1.5,TR,1567461454
beecher,41.34,-87.62,302.59,54,75,3.11,US,1567461454
great yarmouth,52.61,1.73,290.93,67,100,4.1,GB,1567461454
ullapool,57.9,-5.16,287.59,92,96,1.34,GB,1567461455
lucea,18.44,-78.17,304.15,66,40,2.6,JM,1567461396
saint-pierre,48.95,4.24,286.15,62,0,1.11,FR,1567461455
nardaran,40.56,50.01,295.15,68,90,1.5,AZ,1567461456
paramonga,-10.68,-77.82,288.0,92,75,5.17,PE,1567461456
kizema,61.11,44.83,281.2,85,45,0.87,RU,1567461457
caravelas,-17.73,-39.27,296.8,82,100,4.77,BR,1567461457
saintes,45.74,-0.63,290.15,55,0,1.5,FR,1567461457
puebloviejo,10.99,-74.28,302.15,79,75,6.2,CO,1567461458
mantua,45.16,10.79,298.15,83,20,1.0,IT,1567461231
iqaluit,63.75,-68.52,278.15,86,75,3.1,CA,1567461458
riyadh,24.63,46.72,305.15,24,0,1.17,SA,1567461459
takoradi,4.89,-1.75,296.5,94,94,1.97,GH,1567461459
dasoguz,41.84,59.97,289.15,67,0,3.1,TM,1567461459
gidole,5.65,37.37,297.2,66,100,0.8,ET,1567461459
joensuu,62.6,29.76,290.15,88,0,3.6,FI,1567461241
ajdabiya,30.75,20.22,301.0,55,0,8.27,LY,1567461460
paranaiba,-19.68,-51.19,302.6,41,69,1.53,BR,1567461460
ambatofinandrahana,-20.55,46.8,286.7,73,1,2.42,MG,1567461461
kirkland lake,48.15,-80.03,289.15,59,1,6.7,CA,1567461461
spassk-ryazanskiy,54.41,40.38,284.82,89,0,1.86,RU,1567461461
najran,17.54,44.22,306.15,14,0,2.1,SA,1567461461
islamkot,24.7,70.18,302.1,80,99,4.83,PK,1567461462
pastavy,55.11,26.84,290.7,96,100,5.23,BY,1567461463
buta,2.79,24.73,296.2,85,98,0.97,CD,1567461464
wamba,2.14,27.99,294.3,84,82,1.2,CD,1567461465
teya,21.05,-89.07,300.15,94,75,3.61,MX,1567461466
timbiras,-4.26,-43.94,304.3,43,0,1.18,BR,1567461467
kazerun,29.62,51.65,298.5,29,0,1.04,IR,1567461467
novoselitskoye,44.75,43.44,286.15,58,0,4.0,RU,1567461468
pangody,65.85,74.49,282.8,83,84,4.71,RU,1567461469
grindavik,63.84,-22.43,282.15,65,0,6.7,IS,1567461469
narasannapeta,18.42,84.04,298.2,93,92,2.54,IN,1567461470
lauro muller,-28.39,-49.4,282.9,81,82,0.33,BR,1567461373
copiapo,-27.37,-70.33,286.15,71,90,2.6,CL,1567461471
wajid,3.81,43.25,298.9,60,99,9.59,SO,1567461472
nahariyya,33.01,35.09,297.59,83,0,3.23,IL,1567461473
koindu,8.44,-10.33,295.6,94,96,0.43,GN,1567461476
sao miguel do araguaia,-13.28,-50.16,307.7,13,0,0.87,BR,1567461476
saint anthony,43.97,-111.68,306.15,8,1,9.3,US,1567461477
rawson,-43.3,-65.11,277.8,45,64,9.53,AR,1567461477
lagoa,37.14,-8.45,298.71,88,0,1.5,PT,1567461478
dourbali,11.81,15.86,298.7,81,25,0.33,TD,1567461478
corn island,12.17,-83.04,301.6,77,5,5.59,NI,1567461480
cabinda,-5.56,12.19,295.6,85,100,4.41,AO,1567461480
sinop,42.03,35.15,293.2,52,0,1.9,TR,1567461480
isla mujeres,21.23,-86.73,303.15,79,75,3.1,MX,1567461239
ponta do sol,-20.63,-46.0,298.0,47,80,1.35,BR,1567461481
balkhash,46.84,74.98,286.3,33,0,3.11,KZ,1567461482
tacuati,-23.46,-56.74,295.5,31,100,1.81,PY,1567461483
greensburg,30.83,-90.67,308.71,52,40,3.6,US,1567461486
verkhnyaya sinyachikha,57.98,61.67,281.6,97,100,3.32,RU,1567461487
harindanga,22.04,88.32,299.15,94,75,1.5,IN,1567461487
kita,35.76,139.74,300.37,94,75,4.1,JP,1567461487
chirongui,-12.93,45.15,298.15,83,0,6.2,YT,1567461488
sechura,-5.56,-80.82,290.0,90,49,9.46,PE,1567461489
palmas bellas,9.23,-80.09,299.82,94,75,2.1,PA,1567461489
skoczow,49.8,18.79,287.59,93,20,2.1,PL,1567461489
tamandare,-8.28,-70.75,300.8,61,100,0.86,BR,1567461490
ruse,43.85,25.95,295.93,54,88,3.53,BG,1567461490
choya,52.01,86.55,281.8,92,0,2.15,RU,1567461490
mahibadhoo,3.78,72.97,301.3,74,100,3.18,MV,1567461491
aleksandrov gay,50.14,48.57,286.7,63,67,2.41,RU,1567461493
hermanus,-34.42,19.24,284.82,97,0,2.21,ZA,1567461494
marystown,47.17,-55.16,288.7,59,0,1.76,CA,1567461494
porto walter,-8.27,-72.74,306.5,43,88,1.09,BR,1567461494
ulsteinvik,62.35,5.85,285.15,62,20,2.6,NO,1567461495
ostrovnoy,68.05,39.51,287.6,84,24,8.7,RU,1567461496
san andres,13.32,122.68,299.2,84,100,4.85,PH,1567461496
coihaique,-45.58,-72.07,282.15,45,0,2.1,CL,1567461497
mechanicsville,37.62,-77.34,306.15,45,1,2.28,US,1567461497
staraya russa,57.99,31.36,289.3,89,9,1.71,RU,1567461498
iralaya,15.0,-83.23,305.2,56,1,2.96,HN,1567461498
astara,38.42,48.87,295.15,83,40,1.0,AZ,1567461498
vila franca do campo,37.72,-25.43,295.15,78,20,3.1,PT,1567461499
andra,62.52,65.89,280.5,93,23,2.26,RU,1567461499
kourou,5.16,-52.64,301.15,78,0,2.1,GF,1567461501
gravdal,59.79,5.78,286.15,87,100,7.2,NO,1567461501
ballina,54.11,-9.15,288.15,100,100,11.62,IE,1567461502
kidal,18.44,1.41,303.1,44,90,6.23,ML,1567461503
gezing,47.92,13.13,287.04,87,90,3.1,AT,1567461504
margate,-43.03,147.26,285.37,76,20,3.1,AU,1567461506
gombe,10.28,11.16,296.2,85,100,0.47,NG,1567461506
mizan teferi,6.99,35.58,289.5,92,78,1.53,ET,1567461508
viedma,-40.81,-62.99,279.0,62,99,10.92,AR,1567461509
monrovia,6.33,-10.8,298.15,94,75,2.1,LR,1567461511
mazamari,-11.33,-74.53,281.5,78,93,2.33,PE,1567461512
kodinar,20.79,70.7,298.9,92,90,2.91,IN,1567461514
alekseyevka,53.25,50.49,282.15,70,0,2.0,RU,1567461515
dhule,20.9,74.77,297.8,88,100,0.45,IN,1567461487
chuy,-33.69,-53.46,284.0,66,100,3.8,UY,1567461516
puerto baquerizo moreno,-0.9,-89.6,297.15,78,90,6.2,EC,1567461517
peniche,39.36,-9.38,297.15,47,0,2.1,PT,1567461517
cabedelo,-6.97,-34.84,298.15,83,20,3.1,BR,1567461518
pizhma,57.86,47.12,280.5,93,0,1.66,RU,1567461519
bainbridge,30.9,-84.58,305.15,58,40,5.1,US,1567461519
itamaraju,-17.04,-39.53,294.2,90,100,2.55,BR,1567461519
kibakwe,-6.71,36.37,291.1,74,0,2.42,TZ,1567461520
pompeu,-21.05,-48.85,300.8,46,2,1.23,BR,1567461520
punta arenas,-53.16,-70.91,278.15,74,20,15.4,CL,1567461520
guanica,17.97,-66.91,303.71,88,90,2.1,PR,1567461403
cape canaveral,28.41,-80.6,302.59,94,20,5.87,US,1567461521
gboko,7.32,9.0,297.2,86,87,3.1,NG,1567461521
savalou,7.93,1.98,296.0,96,71,2.33,BJ,1567461521
veraval,49.65,0.71,287.15,87,0,2.1,FR,1567461522
paracuru,-3.41,-39.03,300.15,69,20,6.7,BR,1567461522
mtwara,-10.28,40.18,292.3,98,3,1.79,TZ,1567461522
ville-marie,47.33,-79.44,289.15,59,1,6.7,CA,1567461523
sabha,27.03,14.43,305.0,22,0,4.54,LY,1567461523
sao filipe,14.9,-24.5,300.4,85,97,6.14,CV,1567461523
sironko,1.23,34.25,292.3,83,100,1.27,UG,1567461524
seguela,7.96,-6.67,295.4,93,99,1.28,CI,1567461524
alanya,36.55,32.0,295.15,94,0,1.0,TR,1567461525
ramnagar,27.17,84.33,301.8,68,100,1.56,IN,1567461526
zahesi,41.83,44.76,291.15,88,40,1.0,GE,1567461526
rapar,23.57,70.65,301.1,83,100,6.59,IN,1567461527
mehamn,71.03,27.85,283.15,100,90,2.6,NO,1567461527
east london,-33.02,27.91,285.2,89,67,1.79,ZA,1567461528
el jicaro,14.91,-89.89,297.9,83,63,1.41,GT,1567461529
matara,-3.48,29.48,285.8,79,17,0.42,BI,1567461529
tromso,69.65,18.96,283.15,93,75,5.1,NO,1567461529
damaturu,11.75,11.96,298.5,67,100,1.79,NG,1567461530
hudiksvall,61.73,17.1,280.37,98,100,1.63,SE,1567461530
abnub,27.27,31.15,302.15,42,0,2.6,EG,1567461530
shelburne,44.08,-80.2,296.48,93,75,1.5,CA,1567461531
kisarawe,-6.9,39.07,295.15,94,20,2.29,TZ,1567461531
belyy yar,53.6,91.39,288.15,87,40,3.0,RU,1567461531
sherpur,25.02,90.01,300.7,85,100,3.03,BD,1567461532
timmins,48.48,-81.33,285.15,50,75,4.6,CA,1567461532
ilulissat,69.22,-51.1,279.15,70,75,2.1,GL,1567461533
cuamba,-14.8,36.54,293.8,75,2,4.56,MZ,1567461533
gambela,8.25,34.59,292.7,88,56,2.2,ET,1567461533
marawi,8.0,124.29,296.48,93,93,3.13,PH,1567461534
tigzirt,36.57,4.2,293.6,71,0,1.42,DZ,1567461534
hlukhiv,51.68,33.91,289.7,80,0,1.06,UA,1567461534
kattivakkam,13.22,80.32,301.15,94,75,2.6,IN,1567461535
meridian,43.61,-116.39,305.93,18,1,2.1,US,1567461480
neka,36.65,53.3,293.15,88,20,2.1,IR,1567461436
coquimbo,-29.95,-71.34,286.15,76,75,4.6,CL,1567461536
libreville,0.39,9.45,299.15,83,40,3.6,GA,1567461245
dhone,15.4,77.87,296.2,87,100,7.09,IN,1567461536
novy hrozenkov,49.34,18.2,287.59,87,90,2.1,CZ,1567461537
bilma,18.69,12.92,309.0,19,0,3.67,NE,1567461537
maloy,1.0,118.1,295.9,98,98,0.82,ID,1567461537
havoysund,71.0,24.66,283.15,93,75,10.8,NO,1567461537
cartagena,37.63,-1.0,299.15,78,75,3.6,ES,1567461538
naron,43.52,-8.15,292.59,72,0,1.5,ES,1567461538
iisalmi,63.56,27.19,291.15,77,90,6.7,FI,1567461538
mpwapwa,-6.35,36.49,291.1,74,0,2.42,TZ,1567461539
zaozerne,51.37,23.94,290.4,87,37,4.2,UA,1567461539
skjold,55.8,9.94,285.15,87,6,3.1,DK,1567461539
uarini,-2.98,-65.16,306.15,63,20,2.1,BR,1567461539
diego de almagro,-26.39,-70.05,286.4,64,67,3.38,CL,1567461540
eskil,38.4,33.41,296.9,35,0,2.22,TR,1567461540
prata,-19.31,-48.92,303.1,32,100,3.66,BR,1567461542
constitucion,23.99,-104.67,298.15,40,40,2.1,MX,1567461330
brae,60.4,-1.35,283.15,87,5,3.1,GB,1567461543
luderitz,-26.65,15.16,289.15,63,0,1.5,NA,1567461545
darnah,32.77,22.64,298.8,79,0,2.37,LY,1567461545
bud,62.91,6.91,285.15,76,99,4.1,NO,1567461546
yafran,32.06,12.53,294.0,75,0,2.85,LY,1567461547
koulikoro,12.86,-7.56,295.15,94,20,1.81,ML,1567461549
ugoofaaru,5.67,73.0,301.2,75,100,3.57,MV,1567461550
grand gaube,-20.01,57.66,293.71,82,40,2.1,MU,1567461550
konispol,39.66,20.18,298.15,78,40,2.44,GR,1567461551
mendoza,-32.89,-68.84,284.15,25,0,4.6,AR,1567461544
farafangana,-22.82,47.83,291.6,98,19,0.97,MG,1567461552
pictou,45.68,-62.71,293.71,82,100,5.81,CA,1567461553
ipixuna,-1.76,-48.8,301.15,83,40,3.1,BR,1567461553
kathmandu,27.71,85.32,295.15,94,75,1.0,NP,1567461553
roald,62.58,6.12,285.15,62,20,2.6,NO,1567461554
santa cruz cabralia,-16.28,-39.02,298.15,73,20,4.6,BR,1567461554
kaniama,-7.57,24.18,297.3,56,1,1.95,CD,1567461554
buique,-8.62,-37.16,298.1,64,79,7.47,BR,1567461555
abonnema,4.71,6.79,298.8,85,89,1.97,NG,1567461555
comarapa,-17.91,-64.53,297.1,35,0,4.56,BO,1567461556
dhidhdhoo,6.88,73.1,300.8,79,99,4.18,MV,1567461556
awjilah,29.14,21.3,303.7,23,0,5.01,LY,1567461556
muros,42.77,-9.06,295.15,82,0,2.1,ES,1567461487
baghdad,33.3,44.38,303.15,37,0,3.6,IQ,1567461328
kitob,39.12,66.88,291.15,45,0,3.1,UZ,1567461557
uyuni,-20.46,-66.82,285.7,5,32,10.39,BO,1567461557
kjollefjord,70.95,27.35,283.15,100,90,2.6,NO,1567461557
boueni,-12.9,45.08,298.15,83,0,6.2,YT,1567461558
sistranda,63.73,8.83,283.71,93,20,2.1,NO,1567461558
safranbolu,41.25,32.69,289.9,68,0,1.47,TR,1567461558
hammerfest,70.66,23.68,283.15,93,75,10.8,NO,1567461560
kalmunai,7.42,81.82,297.7,75,100,0.69,LK,1567461562
vredendal,-31.68,18.49,288.8,78,0,10.11,ZA,1567461563
muriti,-1.99,32.93,294.15,94,75,4.1,TZ,1567461563
matagami,9.67,8.4,294.4,97,99,1.58,NG,1567461564
oistins,13.07,-59.53,303.15,70,40,7.7,BB,1567461402
kozhva,65.11,57.05,278.9,90,60,1.48,RU,1567461564
illapel,-31.63,-71.17,285.5,55,33,2.87,CL,1567461565
santiago de cuba,20.03,-75.83,305.15,66,40,4.1,CU,1567461565
sandnessjoen,66.02,12.63,284.15,76,34,5.1,NO,1567461565
vallenar,-28.58,-70.76,287.3,64,0,3.38,CL,1567461565
progreso,-34.68,-56.22,285.15,62,90,7.2,UY,1567461566
cap-aux-meules,47.38,-61.86,292.15,77,90,6.2,CA,1567461566
graaff-reinet,-32.25,24.53,283.9,69,0,1.56,ZA,1567461567
tallahassee,30.44,-84.28,305.37,58,20,4.1,US,1567461339
kutum,14.2,24.66,296.4,66,100,5.5,SD,1567461568
taguatinga,-15.83,-48.06,301.15,28,20,3.1,BR,1567461568
muisne,0.61,-80.02,300.15,78,75,3.1,EC,1567461568
yarim,14.3,44.38,295.4,52,96,3.2,YE,1567461569
puerto rondon,6.28,-71.1,300.6,89,88,1.8,CO,1567461569
bosaso,11.28,49.18,304.8,66,0,2.4,SO,1567461570
ribeira grande,38.52,-28.7,296.15,78,20,4.6,PT,1567461570
pokoynoye,44.81,44.25,293.2,36,0,2.15,RU,1567461570
komsomolskiy,67.55,63.78,278.4,91,100,2.46,RU,1567461537
cayenne,4.94,-52.33,301.15,78,0,2.1,GF,1567461374
severnoye,54.09,52.54,281.0,85,33,2.13,RU,1567461571
umm lajj,25.02,37.27,303.2,67,2,5.05,SA,1567461566
keuruu,62.26,24.71,285.37,100,75,1.5,FI,1567461571
san carlos del zulia,9.0,-71.91,305.7,58,100,2.47,VE,1567461571
huayucachi,-12.13,-75.23,287.6,33,36,7.06,PE,1567461572
erdemli,36.61,34.31,297.6,29,0,2.31,TR,1567461572
coria,39.98,-6.54,295.93,43,0,1.82,ES,1567461572
walvis bay,-22.95,14.51,284.82,92,0,0.45,NA,1567461573
redcliffe,-31.94,115.94,288.15,100,75,2.6,AU,1567461573
sorland,67.67,12.69,285.15,71,75,8.2,NO,1567461573
kilis,36.72,37.12,300.15,36,0,3.6,TR,1567461573
xai-xai,-25.04,33.64,289.3,89,0,1.89,MZ,1567461574
georgetown,6.8,-58.16,303.15,74,40,4.1,GY,1567461574
changji,32.07,116.17,294.1,88,88,1.69,CN,1567461574
saryozek,44.36,77.98,289.7,30,0,2.17,KZ,1567461574
mahon,51.89,-8.4,285.93,93,20,3.6,IE,1567461575
stenlille,55.79,12.21,288.71,81,55,2.1,DK,1567461575
laurel,39.1,-76.85,304.15,51,40,2.97,US,1567461575
adra,36.75,-3.02,300.15,61,0,3.6,ES,1567461576
formosa do rio preto,-11.04,-45.19,302.0,20,29,1.98,BR,1567461576
ginir,7.14,40.71,289.2,86,66,1.44,ET,1567461576
manono,-7.3,27.4,299.0,45,0,1.89,CD,1567461576
urucui,-7.23,-44.56,305.8,26,24,1.78,BR,1567461577
santa maria,-16.02,-48.01,301.15,28,20,3.1,BR,1567461577
chicama,-7.84,-79.15,291.15,82,20,5.1,PE,1567461578
maniwaki,46.38,-75.98,289.7,75,96,2.53,CA,1567461578
altay,47.83,88.13,281.9,54,50,3.07,CN,1567461578
conakry,9.52,-13.7,299.6,85,85,6.54,GN,1567461579
boa viagem,-5.13,-39.73,301.4,45,18,3.56,BR,1567461579
vadso,70.07,29.75,289.15,87,0,2.1,NO,1567461579
taoudenni,22.68,-3.98,313.0,17,58,2.57,ML,1567461580
lypnyazhka,48.45,31.08,294.2,45,5,2.27,UA,1567461580
gamba,28.28,88.52,280.1,66,100,2.0,CN,1567461580
pangnirtung,66.15,-65.72,280.15,100,90,4.1,CA,1567461581
donetsk,48.02,37.8,294.2,35,7,2.86,UA,1567461581
kankakee,41.12,-87.86,302.04,57,40,1.5,US,1567461581
piranhas,-16.43,-51.82,305.7,20,40,2.2,BR,1567461582
mabaruma,8.2,-59.78,300.9,78,2,2.48,GY,1567461582
minab,27.15,57.07,304.15,84,0,4.1,IR,1567461582
eenhana,-17.48,16.34,297.15,9,0,2.1,NA,1567461583
fomboni,-12.28,43.74,298.6,78,0,4.68,KM,1567461583
mar del plata,-46.43,-67.52,278.4,50,67,9.06,AR,1567461583
verkhnyaya inta,65.99,60.32,278.1,91,100,0.81,RU,1567461584
marigot,18.23,-72.32,305.15,59,88,3.1,HT,1567461584
les cayes,18.19,-73.75,302.0,75,95,5.39,HT,1567461584
tugulym,57.06,64.64,282.15,100,75,2.0,RU,1567461584
namibe,-15.19,12.15,291.0,86,97,4.04,AO,1567461585
geraldton,49.72,-86.95,285.15,46,20,3.6,CA,1567461585
kashan,33.99,51.44,287.4,24,0,1.53,IR,1567461585
bolobo,-2.17,16.23,300.1,66,14,1.47,CD,1567461586
ayna,38.55,-2.07,294.26,73,0,3.1,ES,1567461586
gracac,43.65,20.83,289.15,72,0,0.5,RS,1567461586
